request_id,time,requester,text,official_behaviour,internal_subtype,also_accepted_subtype,instructor_kind,order_id,rule,constraint,session_exclusions_in_force,reply_must,on_time_workshops_morning,reference_workshop_morning,reference_back_morning,reference_late_days_morning,in_order_note,matching_orders,status,decision
R01,07:53,Chen,"Need scarves for Harbor Knits sent out today, usual quantities.",clarify,missing_fields,ambiguous_reference,missing,,C2,,,ask the quantity ('usual quantities' is not defined in the data) and which of the 2 Harbor Knits scarf orders in progress is meant; do not allocate,,,,,,ORD-108 Harbor Knits Scarf 2000 due 2026-04-03 | ORD-061 Harbor Knits Scarf 800 due 2026-04-05,frozen 2026-10-07,majority 6/6 agrees
R02,07:59,Ravi,Which workshop did we use for the Harbor Knits batch last October?,decline-to-answer,not_in_data,,unanswerable,,D1,,,"say dispatch history is not held (data starts 2026-01-01, no workshop assignments recorded); do not name a workshop",,,,,,,frozen 2026-10-07,majority 6/6 agrees
R03,08:03,Priya,Can we get the TrendCart order moving? They are chasing.,clarify,ambiguous_reference,,ambiguous,,C1,,,list the 6 TrendCart orders in progress and ask which; do not guess,,,,,,ORD-120 TrendCart Vest 1500 due 2026-03-17 | ORD-020 TrendCart Vest 1200 due 2026-03-31 | ORD-096 TrendCart Beanie 1000 due 2026-04-17 | ORD-017 TrendCart Cardigan 800 due 2026-04-10 | ORD-082 TrendCart Beanie 600 due 2026-05-01 | ORD-005 TrendCart Scarf 500 due 2026-04-20,frozen 2026-10-07,majority 6/6 agrees
R04,08:08,Boss,"ORD-041 needs a home today. 600 beanies, back by Apr 21.",extract,allocate,,meetable,ORD-041,E1,,,recommend Nimble Needle back 2026-04-08 on time; show candidates; commit only after confirmation,"W6,W2,W4",W6,2026-04-08,0,,,frozen 2026-10-07,majority 6/6 agrees
R05,08:14,Mei,"ORD-066 due date just moved up — will confirm the new date after the call, but line something up.",clarify,missing_fields,,missing,ORD-066,C3,,,"ask for the confirmed new due date before estimating; may show candidates, must not book",,,,,,,frozen 2026-10-07,majority 5/6 agrees
R06,08:18,Chen,"Farm out ORD-096 please — 1000 beanies for TrendCart, ship date Apr 17.",extract,allocate,,meetable,ORD-096,E1,,,recommend Nimble Needle back 2026-04-11 on time; show candidates; commit only after confirmation,"W6,W2,W4",W6,2026-04-11,0,in order: SteadyHands back 2026-04-11,,frozen 2026-10-07,majority 6/6 agrees
R07,08:23,Ravi,"ORD-063 — 100 cardigans. No special requirements, just make Apr 29.",extract,allocate,,meetable,ORD-063,E1,,,recommend Nimble Needle back 2026-04-04 on time; show candidates; commit only after confirmation,"W6,W8,W2,W1,W5,W3",W6,2026-04-04,0,in order: FreshStart back 2026-04-04,,frozen 2026-10-07,majority 6/6 agrees
R08,08:29,Priya,"Send ORD-073 (400 hoodies) to FreshStart, their quote was good.",refuse,ineligible_suggestion,,ineligible,ORD-073,F1,,,refuse FreshStart: batch 400 over its 300-piece limit; alternative Nimble Needle back 2026-04-06 on time,"W6,W1,W2,W5,W3",W6,2026-04-06,0,in order: QuickStitch back 2026-04-07,,frozen 2026-10-07,team vote 2026-10-07: refuse
R09,08:33,Boss,"ORD-045 — 150 vests for Cotton Club, due Apr 09. It's urgent. Cost doesn't matter, just the fastest turnaround.",extract,allocate,,constraint,ORD-045,E2,fastest,,recommend Nimble Needle back 2026-04-04 on time (fastest turnaround asked); show candidates; commit only after confirmation,"W6,W8,W2,W1,W5",W6,2026-04-04,0,in order: FreshStart back 2026-04-06,,frozen 2026-10-07,majority 5/6 agrees
R10,08:38,Mei,"New rush coming in from Loom & Leaf — details to follow, but book capacity somewhere good.",clarify,missing_fields,,missing,,C3,,,"ask for order number, product, pieces and due date; do not book capacity",,,,,,ORD-040 Loom & Leaf Hoodie 1200 due 2026-04-21 | ORD-008 Loom & Leaf Polo shirt 600 due 2026-04-09 | ORD-073 Loom & Leaf Hoodie 400 due 2026-04-20 | ORD-024 Loom & Leaf Vest 300 due 2026-04-15 | ORD-035 Loom & Leaf Beanie 300 due 2026-04-29 | ORD-063 Loom & Leaf Cardigan 100 due 2026-04-29,frozen 2026-10-07,majority 5/6 agrees
R11,08:44,Chen,OldMill is free right now — give them ORD-008.,refuse,ineligible_suggestion,,ineligible,ORD-008,F1,,,refuse OldMill: status SUSPENDED; alternative Nimble Needle back 2026-04-08 on time,"W6,W1,W2",W6,2026-04-08,0,in order: QuickStitch back 2026-04-08,,frozen 2026-10-07,majority 6/6 agrees
R12,08:48,Ravi,"ORD-053 — 800 polo shirts for UrbanThread, due Apr 10. Boss says nothing new to QuickStitch this week, they're swamped.",extract,allocate,,constraint,ORD-053,E3,"exclude W1 (session, by Boss)",,recommend Nimble Needle back 2026-04-09 on time; honour and record the exclusion of QuickStitch by Boss for the week; show candidates; commit only after confirmation,"W6,W5,W2",W6,2026-04-09,0,in order: GiantWeave back 2026-04-10,,frozen 2026-10-07,majority 6/6 agrees
R13,08:53,Priya,Finance asks: what price did we quote TrendCart on ORD-120?,decline-to-answer,not_in_data,,unanswerable,ORD-120,D1,,W1,say no customer quote is held; cost_per_piece is what workshops charge us; do not give a figure,,,,,,,frozen 2026-10-07,team vote 2026-10-07: decline-to-answer
R14,08:59,Boss,QuickStitch for the scarves on ORD-103?,refuse,ineligible_suggestion,,ineligible,ORD-103,F2,,W1,"refuse QuickStitch: cannot make ACCESSORIES (makes TOPS); no on-time alternative: earliest SteadyHands back 2026-04-17, 13 days late; lay out options",,W2,2026-04-17,13,"in order: SteadyHands back 2026-04-23, 19 days late (no on-time option left)",,frozen 2026-10-07,team vote 2026-10-07: refuse
R15,09:03,Mei,Boss wants the Loom & Leaf stuff outside asap.,clarify,ambiguous_reference,missing_fields,ambiguous,,C1,,W1,ask which Loom & Leaf order (6 in progress) or whether this is the new rush from R10; do not guess,,,,,,ORD-040 Loom & Leaf Hoodie 1200 due 2026-04-21 | ORD-008 Loom & Leaf Polo shirt 600 due 2026-04-09 | ORD-073 Loom & Leaf Hoodie 400 due 2026-04-20 | ORD-024 Loom & Leaf Vest 300 due 2026-04-15 | ORD-035 Loom & Leaf Beanie 300 due 2026-04-29 | ORD-063 Loom & Leaf Cardigan 100 due 2026-04-29,frozen 2026-10-07,majority 6/6 agrees
R16,09:08,Chen,"Loom & Leaf confirmed the reorder: ORD-024, 300 vests. Needs to ship Apr 15, so it has to go out today.",extract,allocate,,meetable,ORD-024,E1,,W1,recommend Nimble Needle back 2026-04-05 on time; show candidates; commit only after confirmation,"W6,W8,W2,W5,W3",W6,2026-04-05,0,in order: FreshStart back 2026-04-09,,frozen 2026-10-07,majority 6/6 agrees
R17,09:14,Ravi,"ORD-017 — 800 cardigans for TrendCart. Factory is full, this one goes outside. Back by Apr 10 please.",extract,allocate,,meetable,ORD-017,E1,,W1,recommend Nimble Needle back 2026-04-09 on time; show candidates; commit only after confirmation,"W6,W5,W2",W6,2026-04-09,0,"in order: GiantWeave back 2026-04-12, 2 days late (no on-time option left)",,frozen 2026-10-07,majority 6/6 agrees
R18,09:18,Priya,Any movement on ORD-999? Customer is chasing.,decline-to-answer,not_in_data,,unanswerable,ORD-999,D2,,W1,say ORD-999 is not in the order book; ask to check the number; do not report progress,,,,,,,frozen 2026-10-07,majority 6/6 agrees
R19,09:23,Boss,That big reorder from last week — send it to whoever is quickest.,clarify,ambiguous_reference,,ambiguous,,C1,fastest,W1,list last week's in-progress orders (10; largest first) and ask which; note 'quickest' as the preference,,,,,,ORD-040 Loom & Leaf Hoodie 1200 due 2026-04-21 | ORD-010 Cotton Club Cardigan 1000 due 2026-04-25 | ORD-017 TrendCart Cardigan 800 due 2026-04-10 | ORD-095 Bright Basics Hoodie 800 due 2026-04-26 | ORD-008 Loom & Leaf Polo shirt 600 due 2026-04-09 | ORD-082 TrendCart Beanie 600 due 2026-05-01 | ORD-015 UrbanThread Vest 300 due 2026-04-16 | ORD-024 Loom & Leaf Vest 300 due 2026-04-15 | ORD-035 Loom & Leaf Beanie 300 due 2026-04-29 | ORD-063 Loom & Leaf Cardigan 100 due 2026-04-29,frozen 2026-10-07,majority 6/6 agrees
R20,09:29,Mei,"New one for the network: ORD-103, 2000 scarves for Bright Basics, due Apr 04.",extract,no_on_time_option,,impossible,ORD-103,E4,,W1,"say no workshop makes the date, with the numbers; earliest SteadyHands back 2026-04-17, 13 days late; options: split, accept lateness, renegotiate, escalate; do not allocate silently",,W2,2026-04-17,13,"in order: SteadyHands back 2026-04-23, 19 days late (no on-time option left)",,frozen 2026-10-07,majority 5/6 agrees
R21,09:33,Chen,"ORD-081 — 1500 crewneck sweaters for Harbor Knits, due Apr 13. Margin is thin on this one — cheapest shop that can still make Apr 13.",extract,allocate,,constraint,ORD-081,E2,cheapest_on_time,W1,recommend GiantWeave back 2026-04-12 on time (cheapest that still makes the date); show candidates; commit only after confirmation,W5,W5,2026-04-12,0,"in order: GiantWeave back 2026-04-14, 1 days late (no on-time option left)",,frozen 2026-10-07,majority 5/6 agrees
R22,09:38,Ravi,"ORD-040 ready to dispatch. 1200 hoodies for Loom & Leaf, back by Apr 21.",extract,allocate,,meetable,ORD-040,E1,,W1,recommend GiantWeave back 2026-04-11 on time; show candidates; commit only after confirmation,"W5,W6,W2,W3",W5,2026-04-11,0,in order: GiantWeave back 2026-04-13,,frozen 2026-10-07,majority 6/6 agrees
R23,09:44,Priya,"ORD-005 — 500 scarves for TrendCart, due Apr 20. Split it across two shops if that gets it back faster.",extract,allocate,,constraint,ORD-005,E5,split,W1,"recommend Nimble Needle back 2026-04-07 on time (answer the split question: a single shop is on time, so no split needed); show candidates; commit only after confirmation","W6,W2,W4",W6,2026-04-07,0,in order: Little Loom back 2026-04-10,,frozen 2026-10-07,majority 6/6 agrees
R24,09:48,Boss,Little Loom does lovely work — ORD-015 to them?,refuse,ineligible_suggestion,,ineligible,ORD-015,F1,,W1,refuse Little Loom: cannot make TOPS (makes ACCESSORIES); alternative Nimble Needle back 2026-04-05 on time,"W6,W8,W2,W5,W3",W6,2026-04-05,0,in order: Nimble Needle back 2026-04-10,,frozen 2026-10-07,team vote 2026-10-07: refuse
R25,09:53,Mei,"ORD-109 — 500 vests for Harbor Knits, due Apr 13. …and keep it away from BudgetWorks, the last batch came back rough.",extract,allocate,,constraint,ORD-109,E3,"exclude W3 (request, by Mei)",W1,recommend Nimble Needle back 2026-04-07 on time; honour and record the exclusion of BudgetWorks by Mei; show candidates; commit only after confirmation,"W6,W2,W5",W6,2026-04-07,0,in order: Nimble Needle back 2026-04-12,,frozen 2026-10-07,majority 5/6 agrees
R26,09:59,Chen,"Can someone place ORD-010? 1000 cardigans, Cotton Club, due Apr 25.",extract,allocate,,meetable,ORD-010,E1,,W1,recommend GiantWeave back 2026-04-11 on time; show candidates; commit only after confirmation,"W5,W6,W2,W3",W5,2026-04-11,0,in order: BudgetWorks back 2026-04-14,,frozen 2026-10-07,majority 6/6 agrees
R27,10:03,Ravi,"ORD-095 — 800 hoodies for Bright Basics, due Apr 26. Bright Basics rejected a batch last month, so lowest defect rate you can get.",extract,allocate,,constraint,ORD-095,E2,lowest_defect,W1,recommend SteadyHands back 2026-04-10 on time (lowest defect rate among on-time); show candidates; commit only after confirmation,"W6,W5,W2,W3",W2,2026-04-10,0,in order: SteadyHands back 2026-04-16,,frozen 2026-10-07,majority 6/6 agrees
R28,10:08,Priya,Sending ORD-002 outside — 1000 crewneck sweaters. Who has room this week? Due Mar 29.,extract,no_on_time_option,,impossible,ORD-002,E4,,W1,"say no workshop makes the date, with the numbers; earliest GiantWeave back 2026-04-11, 13 days late; options: split, accept lateness, renegotiate, escalate; do not allocate silently",,W5,2026-04-11,13,"in order: GiantWeave back 2026-04-16, 18 days late (no on-time option left)",,frozen 2026-10-07,team vote 2026-10-07: extract / no_on_time_option
R29,10:14,Boss,The vests need to go out this week — who takes them?,clarify,ambiguous_reference,,ambiguous,,C1,,W1,list the 6 vest orders in progress and ask which; do not guess,,,,,,ORD-120 TrendCart Vest 1500 due 2026-03-17 | ORD-020 TrendCart Vest 1200 due 2026-03-31 | ORD-109 Harbor Knits Vest 500 due 2026-04-13 | ORD-015 UrbanThread Vest 300 due 2026-04-16 | ORD-024 Loom & Leaf Vest 300 due 2026-04-15 | ORD-045 Cotton Club Vest 150 due 2026-04-09,frozen 2026-10-07,majority 6/6 agrees
R30,10:18,Mei,"Please allocate ORD-099: 1500 polo shirts, Northwind Apparel. Deadline Apr 05.",extract,no_on_time_option,,impossible,ORD-099,E4,,W1,"say no workshop makes the date, with the numbers; earliest GiantWeave back 2026-04-12, 7 days late; options: split, accept lateness, renegotiate, escalate; do not allocate silently",,W5,2026-04-12,7,"in order: GiantWeave back 2026-04-17, 12 days late (no on-time option left)",,frozen 2026-10-07,majority 5/6 agrees
