request_id,time,requester,text,official_behaviour,internal_subtype,also_accepted_subtype,instructor_kind,order_id,rule,constraint,session_exclusions_in_force,reply_must,on_time_workshops_morning,reference_workshop_morning,reference_back_morning,reference_late_days_morning,in_order_note,matching_orders
C01,07:50,Chen,"Morning. ORD-082 can go out — 600 beanies for TrendCart, back by May 1.",extract,allocate,,meetable,ORD-082,E1,,,recommend an eligible on-time workshop (reference: Nimble Needle back 2026-04-08); honour the constraint; commit only after confirmation,"W6,W2,W4",W6,2026-04-08,0,,
C02,07:55,Mei,Where are we sending the Cotton Club order?,clarify,ambiguous_reference,,ambiguous,,C1,,,list the 4 matching in-progress orders and ask which; do not guess,,,,,,ORD-002 Cotton Club Crewneck sweater 1000 due 2026-03-29 | ORD-010 Cotton Club Cardigan 1000 due 2026-04-25 | ORD-055 Cotton Club Crewneck sweater 800 due 2026-03-31 | ORD-045 Cotton Club Vest 150 due 2026-04-09
C03,08:01,Boss,"ORD-024 — 300 vests for Loom & Leaf, due Apr 15. Get it back as fast as you can, never mind the price.",extract,allocate,,constraint,ORD-024,E2,fastest,,recommend an eligible on-time workshop (reference: Nimble Needle back 2026-04-05); honour the constraint; commit only after confirmation,"W6,W8,W1,W2,W5,W3",W6,2026-04-05,0,,
C04,08:06,Ravi,ORD-108 — 2000 scarves for Harbor Knits. Needs to be back Apr 3.,extract,no_on_time_option,,impossible,ORD-108,E4,,,"say no workshop makes the date; earliest SteadyHands back 2026-04-17, 14 days late; give options; do not allocate silently",,W2,2026-04-17,14,,
C05,08:10,Ravi,"Pls place ORD-036: 1,000 scarves, UrbanThread, needed 26 Apr.",extract,allocate,,meetable,ORD-036,E1,,,recommend an eligible on-time workshop (reference: Nimble Needle back 2026-04-11); honour the constraint; commit only after confirmation,"W6,W2,W4",W6,2026-04-11,0,,
C06,08:15,Boss,"Maple & Co will send a repeat order this afternoon, numbers not final. Pencil in a workshop.",clarify,missing_fields,,missing,,C3,,,"ask for what is missing (order number, pieces, due date); do not book capacity",,,,,,
C07,08:19,Priya,"ORD-109, 500 vests, Harbor Knits, due Apr 13. Tight budget on this — the cheapest workshop that still hits the 13th.",extract,allocate,,constraint,ORD-109,E2,cheapest_on_time,,recommend an eligible on-time workshop (reference: BudgetWorks back 2026-04-11); honour the constraint; commit only after confirmation,"W6,W1,W2,W5,W3",W3,2026-04-11,0,,
C08,08:24,Chen,"Put ORD-053 with OldMill, they did a nice job last time.",refuse,ineligible_suggestion,,ineligible,ORD-053,F1,,,refuse OldMill: status SUSPENDED; alternative QuickStitch back 2026-04-09 on time,"W1,W6,W5,W2",W1,2026-04-09,0,,
C09,08:28,Mei,"ORD-035 is ready for a workshop. 300 beanies (Loom & Leaf), due April 29.",extract,allocate,,meetable,ORD-035,E1,,,recommend an eligible on-time workshop (reference: Nimble Needle back 2026-04-05); honour the constraint; commit only after confirmation,"W6,W4,W2",W6,2026-04-05,0,,
C10,08:33,Chen,The hoodies need a workshop today.,clarify,ambiguous_reference,,ambiguous,,C1,,,list the 5 matching in-progress orders and ask which; do not guess,,,,,,ORD-114 Northwind Apparel Hoodie 2000 due 2026-03-23 | ORD-040 Loom & Leaf Hoodie 1200 due 2026-04-21 | ORD-083 Maple & Co Hoodie 1000 due 2026-03-23 | ORD-095 Bright Basics Hoodie 800 due 2026-04-26 | ORD-073 Loom & Leaf Hoodie 400 due 2026-04-20
C11,08:37,Mei,"ORD-005: 500 scarves for TrendCart due Apr 20. They complained about quality last time, so whoever has the fewest defects.",extract,allocate,,constraint,ORD-005,E2,lowest_defect,,recommend an eligible on-time workshop (reference: Little Loom back 2026-04-10); honour the constraint; commit only after confirmation,"W6,W2,W4",W4,2026-04-10,0,,
C12,08:42,Priya,"ORD-062, 2000 scarves, Bright Basics, due Apr 08. Where can it go?",extract,no_on_time_option,,impossible,ORD-062,E4,,,"say no workshop makes the date; earliest SteadyHands back 2026-04-17, 9 days late; give options; do not allocate silently",,W2,2026-04-17,9,,
C13,08:46,Ravi,"QuickStitch can take the beanies on ORD-041, right?",refuse,ineligible_suggestion,,ineligible,ORD-041,F1,,,refuse QuickStitch: cannot make ACCESSORIES (makes TOPS); alternative Nimble Needle back 2026-04-08 on time,"W6,W2,W4",W6,2026-04-08,0,,
C14,08:51,Priya,"Need a shop for ORD-010 today, 1000 cardigans, Cotton Club want them by Apr 25.",extract,allocate,,meetable,ORD-010,E1,,,recommend an eligible on-time workshop (reference: QuickStitch back 2026-04-10); honour the constraint; commit only after confirmation,"W1,W5,W6,W2,W3",W1,2026-04-10,0,,
C15,08:55,Chen,ORD-066 — Northwind Apparel want it sooner than planned but haven't said when. Start looking.,clarify,missing_fields,,missing,ORD-066,C3,,,"ask for what is missing (order number, pieces, due date); do not book capacity",,,,,,
C16,09:00,Ravi,"ORD-063 — 100 cardigans, Apr 29. Anyone but BudgetWorks please.",extract,allocate,,constraint,ORD-063,E3,"exclude W3 (request, by Ravi)",,recommend an eligible on-time workshop (reference: Nimble Needle back 2026-04-04); honour the constraint; commit only after confirmation,"W6,W8,W2,W1,W5",W6,2026-04-04,0,,
C17,09:04,Priya,ORD-081 to FreshStart please — 1500 crewnecks.,refuse,ineligible_suggestion,,ineligible,ORD-081,F1,,,refuse FreshStart: batch 1500 over its 300-piece limit; alternative QuickStitch back 2026-04-11 on time,"W1,W5",W1,2026-04-11,0,,
C18,09:09,Boss,"Heads up: GiantWeave's truck is off the road, don't send them anything new until further notice. Meanwhile ORD-073 (400 hoodies, due Apr 20) needs a home.",extract,allocate,,constraint,ORD-073,E3,"exclude W5 (session, by Boss)",,recommend an eligible on-time workshop (reference: Nimble Needle back 2026-04-06); honour the constraint; commit only after confirmation,"W6,W1,W2,W3",W6,2026-04-06,0,,
C19,09:14,Ravi,Can you sort out that Northwind Apparel order from early March?,clarify,ambiguous_reference,,ambiguous,,C1,,W5,list the 5 matching in-progress orders and ask which; do not guess,,,,,,ORD-107 Northwind Apparel Cardigan 2000 due 2026-03-16 | ORD-114 Northwind Apparel Hoodie 2000 due 2026-03-23 | ORD-029 Northwind Apparel Beanie 1500 due 2026-04-01 | ORD-099 Northwind Apparel Polo shirt 1500 due 2026-04-05 | ORD-066 Northwind Apparel Polo shirt 1000 due 2026-04-26
C20,09:18,Chen,"Dispatch ORD-040 — 1.2k hoodies, Loom & Leaf, due Apr 21.",extract,allocate,,meetable,ORD-040,E1,,W5,recommend an eligible on-time workshop (reference: QuickStitch back 2026-04-10); honour the constraint; commit only after confirmation,"W1,W6,W2,W3",W1,2026-04-10,0,,
C21,09:23,Mei,"Give ORD-017 to GiantWeave, they have the capacity.",refuse,ineligible_suggestion,,ineligible,ORD-017,F3,,W5,refuse GiantWeave: standing constraint set earlier in this inbox; alternative QuickStitch back 2026-04-09 on time,"W1,W6,W2",W1,2026-04-09,0,,
C22,09:27,Mei,"ORD-020 has to go out: 1200 vests for TrendCart, due Mar 31.",extract,no_on_time_option,,impossible,ORD-020,E4,,W5,"say no workshop makes the date; earliest QuickStitch back 2026-04-10, 10 days late; give options; do not allocate silently",,W1,2026-04-10,10,,
C23,09:32,Chen,How many batches did BudgetWorks deliver late last quarter?,decline-to-answer,not_in_data,,unanswerable,,D1,,W5,"say it is not in the data (or the order does not exist); give no figure, name or workshop",,,,,,
C24,09:36,Mei,"Some polo shirts for a new customer, a few hundred, date to be confirmed.",clarify,missing_fields,,missing,,C3,,W5,"ask for what is missing (order number, pieces, due date); do not book capacity",,,,,,
C25,09:41,Priya,ORD-082 — 600 beanies for TrendCart — please get this placed today.,clarify,state_conflict,,state,ORD-082,S1,,W5,say the order is already dispatched in this session or already complete; ask before doing anything; do not allocate again,,,,,,
C26,09:45,Priya,Bright Basics are asking about their scarves — get them out the door please.,clarify,ambiguous_reference,,ambiguous,,C1,,W5,list the 2 matching in-progress orders and ask which; do not guess,,,,,,ORD-062 Bright Basics Scarf 2000 due 2026-04-08 | ORD-103 Bright Basics Scarf 2000 due 2026-04-04
C27,09:50,Ravi,ORD-095 for Bright Basics has to go outside. 800 hoodies. Deadline is Apr 26.,extract,allocate,,meetable,ORD-095,E1,,W5,recommend an eligible on-time workshop (reference: QuickStitch back 2026-04-09); honour the constraint; commit only after confirmation,"W1,W6,W2,W3",W1,2026-04-09,0,,
C28,09:54,Boss,Little Loom for ORD-015.,refuse,ineligible_suggestion,,ineligible,ORD-015,F1,,W5,refuse Little Loom: cannot make TOPS (makes ACCESSORIES); alternative Nimble Needle back 2026-04-05 on time,"W6,W8,W1,W2,W3",W6,2026-04-05,0,,
C29,09:59,Priya,What's our margin on ORD-081?,decline-to-answer,not_in_data,,unanswerable,ORD-081,D1,,W5,"say it is not in the data (or the order does not exist); give no figure, name or workshop",,,,,,
C30,10:03,Chen,"ORD-096 — 1000 beanies, TrendCart, due Apr 17. If two shops get it done sooner, split it.",extract,allocate,,constraint,ORD-096,E5,split,W5,recommend an eligible on-time workshop (reference: Nimble Needle back 2026-04-11); honour the constraint; commit only after confirmation,"W6,W2,W4",W6,2026-04-11,0,,
C31,10:08,Ravi,"ORD-057 needs to go outside, 600 cardigans for UrbanThread.",clarify,state_conflict,,state,ORD-057,S1,,W5,say the order is already dispatched in this session or already complete; ask before doing anything; do not allocate again,,,,,,
C32,10:12,Ravi,About the Maple & Co repeat order from this morning: still waiting on quantities.,clarify,missing_fields,,missing,,C3,,W5,"ask for what is missing (order number, pieces, due date); do not book capacity",,,,,,
C33,10:17,Boss,"ORD-061 — 800 scarves, Harbor Knits, ship by Apr 5.",extract,no_on_time_option,,impossible,ORD-061,E4,,W5,"say no workshop makes the date; earliest Nimble Needle back 2026-04-09, 4 days late; give options; do not allocate silently",,W6,2026-04-09,4,,
C34,10:21,Chen,ORD-029 to FreshStart? 1500 beanies.,refuse,ineligible_suggestion,,ineligible,ORD-029,F2,,W5,"refuse FreshStart: cannot make ACCESSORIES (makes TOPS); no on-time alternative: earliest SteadyHands back 2026-04-14, 13 days late",,W2,2026-04-14,13,,
C35,10:26,Boss,The UrbanThread job should go out today.,clarify,ambiguous_reference,,ambiguous,,C1,,W5,list the 3 matching in-progress orders and ask which; do not guess,,,,,,ORD-036 UrbanThread Scarf 1000 due 2026-04-26 | ORD-053 UrbanThread Polo shirt 800 due 2026-04-10 | ORD-015 UrbanThread Vest 300 due 2026-04-16
C36,10:30,Mei,Who is the line supervisor at SteadyHands these days?,decline-to-answer,not_in_data,,unanswerable,,D1,,W5,"say it is not in the data (or the order does not exist); give no figure, name or workshop",,,,,,
C37,10:35,Ravi,Any news on ORD-777?,decline-to-answer,not_in_data,,unanswerable,ORD-777,D2,,W5,"say it is not in the data (or the order does not exist); give no figure, name or workshop",,,,,,
C38,10:39,Boss,What did TrendCart pay per piece on their last beanie order?,decline-to-answer,not_in_data,,unanswerable,,D1,,W5,"say it is not in the data (or the order does not exist); give no figure, name or workshop",,,,,,
