policy,pct_late,late_days,mean_days,p90_days,pct_def_pcs,max_share,cost,shock_pct_late,shock_late_days,shock_minus_normal_pct_late,shock_minus_normal_late_days
random,34.167,6.133,21.866,46.726,5.599,22.62,111780.0,38.167,7.166,4.0,1.033
greedy_biggest,84.25,26.528,50.303,82.425,5.278,70.16,108430.0,84.917,28.047,0.667,1.518
cheapest,91.833,81.916,106.2,195.652,8.241,70.16,85960.0,91.833,84.12,0.0,2.204
earliest_finish,1.667,0.178,8.26,14.37,7.182,26.283,115566.5,1.917,0.191,0.25,0.013
lateness_v1,1.667,0.18,8.235,14.531,7.492,26.209,115591.5,1.917,0.181,0.25,0.001
lateness,1.667,0.091,9.251,15.687,7.717,28.364,115438.0,2.0,0.104,0.333,0.013
use_slack,1.0,0.066,13.971,24.503,6.775,31.968,105502.5,1.667,0.101,0.667,0.035
hybrid,4.333,0.286,10.109,21.072,6.144,28.524,111238.0,5.5,0.378,1.167,0.092
defects,28.667,2.225,21.135,33.937,5.123,43.358,110395.5,31.0,2.441,2.333,0.216
fairness,6.833,0.641,12.584,25.943,7.086,20.118,113088.0,10.083,0.785,3.25,0.144
cost,4.417,0.242,17.229,27.739,5.749,38.043,100931.0,5.25,0.283,0.833,0.041
